class,precision,recall,f1-score,support
Apple___Apple_scab,1.0,1.0,1.0,94
Apple___Black_rot,0.9789473684210527,1.0,0.9893617021276596,93
Apple___Cedar_apple_rust,1.0,1.0,1.0,41
Apple___healthy,1.0,0.9959514170040485,0.9979716024340771,247
Blueberry___healthy,1.0,0.9911111111111112,0.9955357142857143,225
Cherry_(including_sour)___Powdery_mildew,1.0,0.9936708860759493,0.9968253968253968,158
Cherry_(including_sour)___healthy,1.0,1.0,1.0,128
Corn_(maize)___Cercospora_leaf_spot Gray_leaf_spot,0.8837209302325582,0.987012987012987,0.9325153374233128,77
Corn_(maize)___Common_rust_,1.0,0.994413407821229,0.9971988795518207,179
Corn_(maize)___Northern_Leaf_Blight,0.9858156028368794,0.9391891891891891,0.9619377162629758,148
Corn_(maize)___healthy,1.0,1.0,1.0,174
Grape___Black_rot,0.9888268156424581,1.0,0.9943820224719101,177
Grape___Esca_(Black_Measles),1.0,0.9903381642512077,0.9951456310679612,207
Grape___Leaf_blight_(Isariopsis_Leaf_Spot),1.0,1.0,1.0,161
Grape___healthy,1.0,1.0,1.0,63
Orange___Haunglongbing_(Citrus_greening),1.0,1.0,1.0,826
Peach___Bacterial_spot,1.0,1.0,1.0,345
Peach___healthy,0.9818181818181818,1.0,0.9908256880733946,54
"Pepper,_bell___Bacterial_spot",1.0,1.0,1.0,150
"Pepper,_bell___healthy",0.9955156950672646,1.0,0.9977528089887641,222
Potato___Early_blight,1.0,1.0,1.0,150
Potato___Late_blight,1.0,0.9533333333333334,0.9761092150170648,150
Potato___healthy,1.0,1.0,1.0,23
Raspberry___healthy,1.0,1.0,1.0,56
Soybean___healthy,1.0,0.9960732984293194,0.9980327868852459,764
Squash___Powdery_mildew,1.0,1.0,1.0,275
Strawberry___Leaf_scorch,1.0,1.0,1.0,166
Strawberry___healthy,1.0,1.0,1.0,68
Tomato___Bacterial_spot,0.9376854599406528,0.9905956112852664,0.9634146341463414,319
Tomato___Early_blight,0.9444444444444444,0.9066666666666666,0.9251700680272109,150
Tomato___Late_blight,0.9494949494949495,0.986013986013986,0.967409948542024,286
Tomato___Leaf_Mold,1.0,0.9790209790209791,0.9893992932862191,143
Tomato___Septoria_leaf_spot,0.984251968503937,0.9398496240601504,0.9615384615384616,266
Tomato___Spider_mites Two-spotted_spider_mite,0.9572649572649573,0.8924302788844621,0.9237113402061856,251
Tomato___Target_Spot,0.8388429752066116,0.9620853080568721,0.8962472406181016,211
Tomato___Tomato_Yellow_Leaf_Curl_Virus,0.9987163029525032,0.9676616915422885,0.9829437776373974,804
Tomato___Tomato_mosaic_virus,1.0,0.9821428571428571,0.990990990990991,56
Tomato___healthy,0.9444444444444444,0.99581589958159,0.9694501018329938,239
